customer_id,customer_name,payment_terms_days,loads,total_revenue,avg_revenue_per_load,pct_of_total_revenue
CUST-003,Sooner State Lumber,30,523,355952.43,680.5973804971319,23.22317000859144
CUST-004,Delta Farm & Feed,30,555,329775.58,594.1902342342343,21.515331020557568
CUST-006,Heartland Grain Exchange,15,565,264355.14,467.885203539823,17.2471483306491
CUST-002,Route 66 Ag Cooperative,30,546,251204.96,460.0823443223443,16.389199795830617
CUST-001,Ozark Building Supply,30,476,197411.93,414.73094537815126,12.87961656032002
CUST-005,Crossroads Hardware Distribution,30,564,134046.91,237.67182624113477,8.745534284051258
