customer_id,customer_name,events,avg_detention_min,max_detention_min,on_time_rate
CUST-001,Ozark Building Supply,476,47.73739495798319,76,0.03361344537815126
CUST-006,Heartland Grain Exchange,565,10.764601769911504,29,0.8814159292035398
CUST-004,Delta Farm & Feed,555,10.636036036036035,27,0.8882882882882883
CUST-003,Sooner State Lumber,523,10.54110898661568,24,0.892925430210325
CUST-002,Route 66 Ag Cooperative,546,10.481684981684982,25,0.8901098901098901
CUST-005,Crossroads Hardware Distribution,564,10.2677304964539,24,0.9184397163120568
