customer_id,customer_name,n_loads,total_revenue,avg_revenue,total_fsc,pct_of_revenue
CUST-004,Sangre de Cristo Distribution,3911,3466221.36,886.2749578113014,700292.71,32.903810193789134
CUST-001,Panhandle Beef Processors,5216,2485423.54,476.49991180981596,467490.33,23.593387703125654
CUST-002,Llano Estacado Foods,4522,2252014.62,498.0129632905794,381914.48,21.377706128415923
CUST-006,Sooner State Foods,2215,1227704.17,554.2682483069977,238324.61,11.654231160759862
CUST-003,High Plains Ag Cooperative,3479,625553.93,179.8085455590687,85675.16,5.938197720499552
CUST-005,Caprock Grain Exchange,2657,477489.61,179.71005269100488,66051.36,4.532667093409868
