customer_id,customer_name,avg_detention,total_detention_hrs,n_events,pct_on_time
CUST-002,Llano Estacado Foods,46.56770949720671,6946.35,8950,0.002011173184357542
CUST-005,Caprock Grain Exchange,10.633257403189067,933.6,5268,0.9776006074411542
CUST-004,Sangre de Cristo Distribution,10.567260521559515,1364.2333333333333,7746,0.9768912987348308
CUST-006,Sooner State Foods,10.557911536707707,771.7833333333333,4386,0.9781121751025992
CUST-003,High Plains Ag Cooperative,10.55544267053701,1212.1166666666666,6890,0.9757619738751814
CUST-001,Panhandle Beef Processors,10.515327900659681,1806.5333333333333,10308,0.9779782693053939
