route_id,n_loads,avg_revenue,avg_fsc,distance,base_rate,avg_rev_per_mile,total_revenue
AMA-OKC-BACKHAUL,2919,496.0167214799589,107.83954093867763,261,1.9,2.313625526508186,1447872.81
DEN-AMA-BACKHAUL,1941,843.2025193199382,178.71846470891293,432,1.95,2.365557833400118,1636656.09
AMA-DEN-REEFER,1970,928.7133350253807,179.39094923857868,432,2.15,2.56505621357398,1829565.27
AMA-OKC-VAN,2837,613.7607437433909,107.98905534014804,261,2.35,2.7653249007032144,1741239.23
LUB-ABQ-VAN,2265,682.1298454746137,117.59823399558499,284,2.4,2.815943941796474,1545024.1
AMA-LUB-VAN,3932,313.0738021363174,50.920867243133266,123,2.55,2.959306255117485,1231006.19
PLV-AMA-AG,3116,200.83795571245184,28.294473684210526,68,2.95,3.3695945499509175,625811.07
AMA-HFD-AG,3020,158.0239966887417,21.046668874172187,51,3.1,3.511189520841449,477232.47
