route_id,n,avg_gross_rev_per_mile,avg_fuel_cost,avg_net_revenue,avg_net_per_mile,avg_detention_min,pct_loads_below_205
AMA-OKC-BACKHAUL,2885,1.9,156.34594454072788,447.47345233968804,1.6891099573546264,21.108145580589255,99.96533795493934
DEN-AMA-BACKHAUL,1923,1.95,257.65394175767034,764.2058918356734,1.7440162281672704,21.15860634425377,99.53198127925117
AMA-DEN-REEFER,1950,2.15,258.3968564102564,849.6936666666667,1.9397425344277688,21.110769230769233,79.58974358974359
AMA-OKC-VAN,2807,2.35,155.94040256501603,565.8496686854293,2.1377472664965076,21.004631278945492,27.146419665122906
LUB-ABQ-VAN,2243,2.4,169.91234953187697,629.9125234061524,2.185908331175234,93.23049487293802,15.693267944716895
AMA-LUB-VAN,3887,2.55,73.45191664522767,290.5289349112426,2.3283255392143323,62.38924620529972,2.778492410599434
PLV-AMA-AG,3088,2.95,40.775340025906736,188.35170984455956,2.730393520778304,21.15997409326425,0.0
AMA-HFD-AG,2991,3.1,30.429518555667002,148.63785356068206,2.874151007178392,21.197258441992645,0.0
