customer_id,customer_name,loads,total_revenue,avg_rev_per_mile,avg_net_per_mile,on_time_rate,pct_of_total_revenue
CUST-01,Cascade Paper Products,14751,66821838.85,2.400565608759955,1.7955051450396737,0.8964815944681717,25.371062915776264
CUST-04,Northwind Appliance Distributors,9380,44347085.86,2.3739757969689834,1.769033919137125,0.8911513859275053,16.83779921128872
CUST-03,TitanBolt Industrial Supply,8312,38333146.25,2.330930932622167,1.726433656137336,0.9009865255052936,14.554413377512178
CUST-08,Pioneer Home Furnishings,6873,32007175.83,2.058897981785749,1.4549756547408372,0.8325331005383384,12.152554998705238
CUST-06,Peachtree Consumer Goods,5714,29913206.57,1.9612395707104089,1.3553613222458045,0.8244662233111656,11.357512139163196
CUST-05,Rocky Summit Building Materials,6194,17343982.88,2.225957673554388,1.6214895305086647,0.898611559573781,6.585201611203885
CUST-07,Lonestar Auto Parts Wholesale,4005,17335527.49,2.2685040602379947,1.6638370234088706,0.899625468164794,6.581991250109977
CUST-02,Evergreen Foods Co-op,6165,17276196.94,2.2266071807466674,1.6212346381206513,0.9023519870235198,6.559464496240534
