customer_id,customer_name,events,avg_detention_min,median_detention_min,pct_on_time
CUST-03,TitanBolt Industrial Supply,8312,47.35863811357074,48.0,0.023700673724735322
CUST-04,Northwind Appliance Distributors,9380,10.792857142857143,11.0,0.8453091684434968
CUST-02,Evergreen Foods Co-op,6165,10.743065693430657,11.0,0.8570965125709651
CUST-08,Pioneer Home Furnishings,6873,10.687327222464717,11.0,0.7909209951986033
CUST-06,Peachtree Consumer Goods,5714,10.620581029051452,11.0,0.7829891494574729
CUST-01,Cascade Paper Products,14751,10.608772286624635,10.0,0.8537726255847061
CUST-05,Rocky Summit Building Materials,6194,10.523409751372295,10.0,0.8525992896351308
CUST-07,Lonestar Auto Parts Wholesale,4005,10.444444444444445,10.0,0.8596754057428214
